{"Root": {"pos": [0.011656908318400383, 0.13354524970054626, -0.018739275634288788], "children": ["Left_Shoulder", "Right_Shoulder", "Neck", "Spine1"]}, "Left_Shoulder": {"pos": [-0.07406772673130035, 0.13923022150993347, -0.026417400687932968], "children": ["Left_Humerus"]}, "Left_Humerus": {"pos": [-0.21343782544136047, 0.0593610480427742, 0.0027721431106328964], "children": ["Left_Forearm"]}, "Left_Forearm": {"pos": [-0.22707349061965942, 0.0968099981546402, 0.07987632602453232], "children": []}, "Right_Shoulder": {"pos": [0.08431458473205566, 0.13756053149700165, -0.04111442714929581], "children": ["Right_Humerus"]}, "Right_Humerus": {"pos": [0.21808603405952454, 0.06171230226755142, 0.006239578127861023], "children": ["Right_Forearm"]}, "Right_Forearm": {"pos": [0.2404356151819229, 0.0888238325715065, 0.09327183663845062], "children": []}, "Neck": {"pos": [0.017885202541947365, 0.1924443542957306, -0.007655085064470768], "children": ["Head"]}, "Head": {"pos": [0.01229705847799778, 0.3533451557159424, -0.02370861917734146], "children": []}, "Spine1": {"pos": [0.006652375217527151, -0.0029140710830688477, -0.011649812571704388], "children": ["Spine2"]}, "Spine2": {"pos": [0.004939449951052666, -0.11074113100767136, -0.0026931781321763992], "children": ["Left_Hip", "Right_Hip"]}, "Left_Shin": {"pos": [-0.07252693176269531, -0.4405832290649414, -0.027775971218943596], "children": []}, "Right_Shin": {"pos": [0.09383496642112732, -0.42932623624801636, -0.025414682924747467], "children": []}, "Left_Hip": {"pos": [-0.09391062706708908, -0.17696422338485718, -0.011733310297131538], "children": ["Left_Thigh"]}, "Left_Thigh": {"pos": [-0.0851873829960823, -0.3016173839569092, -0.028925500810146332], "children": ["Left_Shin"]}, "Right_Hip": {"pos": [0.09721177071332932, -0.17664338648319244, 0.002625775057822466], "children": ["Right_Thigh"]}, "Right_Thigh": {"pos": [0.09966111928224564, -0.2989036738872528, -0.01890348270535469], "children": ["Right_Shin"]}}